age,income,loan_amount,credit_score,employment_years,existing_debts,home_ownership,loan_purpose,default
56,125186,19546,667,11,0,MORTGAGE,HOME_IMPROVEMENT,0
69,54674,20129,519,10,2,RENT,SMALL_BUSINESS,0
46,55854,2591,636,36,1,MORTGAGE,MAJOR_PURCHASE,0
32,66271,12303,522,24,2,OWN,HOME_IMPROVEMENT,0
60,93688,31561,659,17,2,MORTGAGE,SMALL_BUSINESS,0
25,58518,7183,628,18,3,MORTGAGE,SMALL_BUSINESS,0
38,131076,27572,762,22,0,OWN,DEBT_CONSOLIDATION,0
56,30267,35080,681,37,2,MORTGAGE,SMALL_BUSINESS,1
36,110825,21695,468,17,4,RENT,HOME_IMPROVEMENT,0
40,21062,8314,516,25,4,RENT,DEBT_CONSOLIDATION,1
28,136664,20623,677,5,3,RENT,DEBT_CONSOLIDATION,0
28,70448,3139,418,3,0,RENT,HOME_IMPROVEMENT,0
41,115462,48456,489,28,0,MORTGAGE,MAJOR_PURCHASE,0
53,26229,32290,669,33,4,MORTGAGE,SMALL_BUSINESS,1
57,76793,19088,448,16,1,OWN,DEBT_CONSOLIDATION,0
41,134813,40692,787,15,3,MORTGAGE,MAJOR_PURCHASE,0
20,67915,34130,673,1,3,MORTGAGE,HOME_IMPROVEMENT,0
39,24632,33088,459,33,4,MORTGAGE,SMALL_BUSINESS,0
19,124592,27292,650,7,4,OWN,SMALL_BUSINESS,0
41,23596,47249,587,12,1,RENT,DEBT_CONSOLIDATION,1
61,129779,21670,587,7,1,MORTGAGE,SMALL_BUSINESS,1
47,26168,4738,525,29,0,OWN,SMALL_BUSINESS,0
55,128099,3469,822,31,3,OWN,SMALL_BUSINESS,1
19,27561,23534,821,35,3,OWN,SMALL_BUSINESS,1
38,93794,49874,572,29,4,RENT,HOME_IMPROVEMENT,1
50,102152,10017,701,0,0,MORTGAGE,MAJOR_PURCHASE,0
29,145036,3808,482,38,3,OWN,HOME_IMPROVEMENT,0
39,144049,48638,787,16,0,RENT,HOME_IMPROVEMENT,0
61,46734,13713,423,19,0,OWN,DEBT_CONSOLIDATION,0
42,26371,41329,713,23,4,OWN,SMALL_BUSINESS,1
66,138894,3719,471,21,0,OWN,HOME_IMPROVEMENT,0
44,46069,23890,587,28,1,OWN,SMALL_BUSINESS,0
59,99905,12700,734,21,1,OWN,HOME_IMPROVEMENT,0
45,32910,37509,412,8,2,RENT,HOME_IMPROVEMENT,1
33,93479,43534,421,36,4,MORTGAGE,DEBT_CONSOLIDATION,1
32,97735,37766,843,9,2,MORTGAGE,MAJOR_PURCHASE,0
64,101264,27705,521,35,1,MORTGAGE,MAJOR_PURCHASE,1
68,43275,19787,338,36,2,MORTGAGE,HOME_IMPROVEMENT,0
61,92274,49845,796,27,4,RENT,DEBT_CONSOLIDATION,0
69,101449,27588,532,27,4,RENT,SMALL_BUSINESS,0
20,120776,27123,829,20,0,RENT,SMALL_BUSINESS,0
54,80004,34062,448,23,3,OWN,HOME_IMPROVEMENT,1
68,82981,11177,696,39,0,OWN,MAJOR_PURCHASE,0
24,104659,22727,601,1,4,OWN,DEBT_CONSOLIDATION,1
38,74553,31220,659,7,1,MORTGAGE,MAJOR_PURCHASE,1
26,68447,10882,537,26,1,OWN,SMALL_BUSINESS,0
56,54529,2136,535,21,0,MORTGAGE,MAJOR_PURCHASE,0
35,146394,35832,502,36,4,OWN,SMALL_BUSINESS,0
21,95703,32966,555,26,1,MORTGAGE,DEBT_CONSOLIDATION,0
42,96090,8009,534,28,4,OWN,DEBT_CONSOLIDATION,0
31,37260,13987,644,2,1,OWN,HOME_IMPROVEMENT,0
67,132581,38311,833,12,4,RENT,HOME_IMPROVEMENT,0
26,23812,32575,765,9,2,OWN,MAJOR_PURCHASE,1
43,48024,2007,840,35,4,OWN,DEBT_CONSOLIDATION,0
19,78656,6445,512,8,4,RENT,DEBT_CONSOLIDATION,1
37,136148,11706,762,26,0,MORTGAGE,HOME_IMPROVEMENT,0
45,47285,48517,735,33,2,RENT,SMALL_BUSINESS,0
64,112436,45486,582,0,3,RENT,MAJOR_PURCHASE,0
24,136421,30257,762,31,0,MORTGAGE,MAJOR_PURCHASE,0
61,21605,22736,706,24,3,OWN,HOME_IMPROVEMENT,1
25,91158,43207,387,28,1,MORTGAGE,DEBT_CONSOLIDATION,1
64,92303,14281,343,6,3,OWN,HOME_IMPROVEMENT,1
52,47139,2435,760,2,4,OWN,HOME_IMPROVEMENT,0
31,97149,34339,577,19,3,MORTGAGE,HOME_IMPROVEMENT,0
34,76138,36150,720,19,0,RENT,HOME_IMPROVEMENT,1
53,138205,26821,652,29,0,MORTGAGE,SMALL_BUSINESS,0
67,96125,27660,814,34,3,OWN,SMALL_BUSINESS,0
57,33918,6084,318,34,0,MORTGAGE,DEBT_CONSOLIDATION,0
21,105655,17661,322,38,0,MORTGAGE,HOME_IMPROVEMENT,1
19,47446,14507,712,26,3,OWN,SMALL_BUSINESS,0
23,144040,8059,329,25,2,RENT,DEBT_CONSOLIDATION,0
59,33046,19271,407,13,2,MORTGAGE,HOME_IMPROVEMENT,1
21,149922,46539,666,16,1,OWN,MAJOR_PURCHASE,0
46,44818,8491,580,17,0,OWN,SMALL_BUSINESS,1
35,120894,48295,427,28,3,MORTGAGE,DEBT_CONSOLIDATION,0
43,135751,15859,528,19,0,RENT,MAJOR_PURCHASE,0
61,24324,9073,410,26,4,MORTGAGE,HOME_IMPROVEMENT,1
51,96323,10077,435,17,0,RENT,HOME_IMPROVEMENT,0
27,29111,21953,661,3,0,RENT,HOME_IMPROVEMENT,0
53,58110,12383,485,0,2,RENT,SMALL_BUSINESS,0
31,36389,3353,428,0,3,RENT,DEBT_CONSOLIDATION,0
48,142177,24821,560,25,0,MORTGAGE,MAJOR_PURCHASE,0
65,61427,38567,814,19,2,OWN,DEBT_CONSOLIDATION,0
32,99579,25860,748,22,1,OWN,SMALL_BUSINESS,0
25,48746,22195,403,9,2,OWN,DEBT_CONSOLIDATION,1
31,142883,12939,782,10,2,OWN,SMALL_BUSINESS,0
40,107886,26338,523,4,2,OWN,HOME_IMPROVEMENT,0
57,127141,22730,790,0,0,OWN,MAJOR_PURCHASE,0
38,20117,22427,772,16,0,MORTGAGE,HOME_IMPROVEMENT,0
33,145808,36196,309,21,1,RENT,DEBT_CONSOLIDATION,1
62,132221,28083,704,33,4,OWN,HOME_IMPROVEMENT,0
35,104471,22510,601,28,4,MORTGAGE,MAJOR_PURCHASE,0
64,132613,45064,530,3,4,OWN,HOME_IMPROVEMENT,0
41,33234,8813,365,4,1,OWN,MAJOR_PURCHASE,0
43,149597,32598,411,10,4,RENT,MAJOR_PURCHASE,1
42,123864,48182,312,20,4,RENT,HOME_IMPROVEMENT,1
62,73441,28570,692,34,2,RENT,SMALL_BUSINESS,0
58,20846,28082,799,11,0,OWN,DEBT_CONSOLIDATION,0
46,30954,30241,533,25,0,OWN,SMALL_BUSINESS,1
32,99239,31678,613,18,2,OWN,SMALL_BUSINESS,1
62,133689,45569,311,6,2,RENT,HOME_IMPROVEMENT,1
18,66514,12745,508,6,2,MORTGAGE,DEBT_CONSOLIDATION,0
42,108236,27029,313,25,0,OWN,DEBT_CONSOLIDATION,0
24,117579,14025,717,39,4,OWN,SMALL_BUSINESS,0
26,148644,37124,736,4,2,OWN,HOME_IMPROVEMENT,1
41,26469,15288,676,20,1,MORTGAGE,DEBT_CONSOLIDATION,0
18,50105,24650,319,13,2,OWN,SMALL_BUSINESS,1
61,62101,7540,369,3,3,MORTGAGE,DEBT_CONSOLIDATION,1
25,84323,33232,510,22,2,OWN,HOME_IMPROVEMENT,0
41,111922,17422,400,19,0,MORTGAGE,HOME_IMPROVEMENT,0
28,78067,4342,431,14,2,OWN,HOME_IMPROVEMENT,0
68,69376,42846,680,28,3,RENT,DEBT_CONSOLIDATION,0
34,65587,36612,431,7,1,RENT,MAJOR_PURCHASE,1
25,56976,11396,319,18,4,RENT,DEBT_CONSOLIDATION,0
52,124587,18482,835,38,2,RENT,MAJOR_PURCHASE,1
52,147534,24411,526,27,3,OWN,HOME_IMPROVEMENT,0
50,87584,47766,453,26,3,RENT,SMALL_BUSINESS,1
22,124537,14261,768,3,1,MORTGAGE,MAJOR_PURCHASE,0
59,98477,4093,704,14,0,RENT,HOME_IMPROVEMENT,0
56,130911,12722,501,34,2,RENT,HOME_IMPROVEMENT,0
58,62533,23042,337,36,3,RENT,MAJOR_PURCHASE,1
45,21828,45413,487,0,1,OWN,SMALL_BUSINESS,1
24,21917,48851,356,2,4,RENT,HOME_IMPROVEMENT,1
26,40618,29087,319,23,3,MORTGAGE,MAJOR_PURCHASE,1
25,52254,33347,572,26,1,RENT,SMALL_BUSINESS,1
29,125292,34756,418,39,0,RENT,SMALL_BUSINESS,1
51,136714,40214,815,35,0,RENT,HOME_IMPROVEMENT,0
50,67362,17335,520,33,3,MORTGAGE,DEBT_CONSOLIDATION,0
65,40128,29602,825,28,3,RENT,DEBT_CONSOLIDATION,1
40,143781,49901,814,23,2,MORTGAGE,HOME_IMPROVEMENT,1
41,131281,35450,635,23,1,MORTGAGE,SMALL_BUSINESS,0
54,79383,33196,354,3,3,RENT,HOME_IMPROVEMENT,1
52,85545,6626,799,2,2,MORTGAGE,MAJOR_PURCHASE,0
61,102180,8424,835,33,2,OWN,DEBT_CONSOLIDATION,0
57,107958,13857,461,22,3,RENT,MAJOR_PURCHASE,0
39,29865,45923,458,22,0,RENT,HOME_IMPROVEMENT,1
44,22219,20982,487,4,1,MORTGAGE,HOME_IMPROVEMENT,0
52,59809,12425,359,30,1,MORTGAGE,SMALL_BUSINESS,0
18,136748,2980,618,5,0,RENT,SMALL_BUSINESS,0
52,25287,49290,510,36,3,OWN,SMALL_BUSINESS,1
54,146593,27431,705,9,1,MORTGAGE,MAJOR_PURCHASE,0
64,54387,20440,408,39,3,MORTGAGE,SMALL_BUSINESS,1
31,28512,42752,375,6,3,OWN,HOME_IMPROVEMENT,1
20,21342,18175,841,38,2,OWN,SMALL_BUSINESS,0
18,83076,49651,613,37,0,RENT,DEBT_CONSOLIDATION,0
22,128872,27385,416,20,3,OWN,SMALL_BUSINESS,1
43,39216,39158,318,19,4,RENT,MAJOR_PURCHASE,1
31,137512,24019,731,2,0,OWN,DEBT_CONSOLIDATION,0
56,136682,19639,649,21,1,MORTGAGE,DEBT_CONSOLIDATION,0
44,113070,20994,482,3,2,RENT,DEBT_CONSOLIDATION,0
26,99767,35375,412,27,1,RENT,MAJOR_PURCHASE,0
32,117829,22563,482,11,1,RENT,HOME_IMPROVEMENT,0
32,46614,40341,780,37,0,OWN,SMALL_BUSINESS,0
43,56258,6776,445,35,1,MORTGAGE,DEBT_CONSOLIDATION,0
59,113789,37444,412,4,3,RENT,DEBT_CONSOLIDATION,1
30,62078,4380,775,12,1,RENT,DEBT_CONSOLIDATION,0
68,126288,9711,602,22,2,RENT,HOME_IMPROVEMENT,0
49,103524,9782,417,29,2,RENT,HOME_IMPROVEMENT,0
56,116573,18434,460,36,4,MORTGAGE,MAJOR_PURCHASE,0
66,32219,47765,700,24,2,OWN,HOME_IMPROVEMENT,1
69,20235,21017,497,26,1,MORTGAGE,SMALL_BUSINESS,1
49,62929,31707,559,13,2,RENT,MAJOR_PURCHASE,0
21,147309,40110,346,35,0,MORTGAGE,MAJOR_PURCHASE,1
47,87444,18343,698,38,2,RENT,SMALL_BUSINESS,0
54,28567,39827,377,15,3,OWN,SMALL_BUSINESS,1
40,121834,42652,423,21,0,OWN,SMALL_BUSINESS,0
56,90792,6655,374,20,4,OWN,MAJOR_PURCHASE,1
62,85441,45859,436,20,3,RENT,MAJOR_PURCHASE,1
32,104555,16251,699,7,1,MORTGAGE,MAJOR_PURCHASE,0
60,93698,1526,804,15,1,OWN,SMALL_BUSINESS,0
46,144450,4224,799,30,1,RENT,SMALL_BUSINESS,0
53,137248,48837,437,9,3,RENT,DEBT_CONSOLIDATION,1
30,25415,12536,349,31,3,MORTGAGE,HOME_IMPROVEMENT,1
49,56159,29541,553,33,3,OWN,DEBT_CONSOLIDATION,0
24,63925,14547,725,8,0,RENT,SMALL_BUSINESS,0
68,146523,35531,846,16,0,MORTGAGE,MAJOR_PURCHASE,0
39,25951,9712,601,10,1,OWN,SMALL_BUSINESS,0
45,107388,39565,648,31,2,MORTGAGE,HOME_IMPROVEMENT,0
19,28007,10208,348,9,1,MORTGAGE,DEBT_CONSOLIDATION,1
59,146730,6109,373,21,4,RENT,DEBT_CONSOLIDATION,1
62,61832,36201,560,16,0,RENT,MAJOR_PURCHASE,0
23,78596,17967,655,3,3,RENT,DEBT_CONSOLIDATION,0
45,141101,30759,559,24,0,MORTGAGE,DEBT_CONSOLIDATION,0
45,50523,21172,594,20,3,RENT,SMALL_BUSINESS,0
61,108861,37935,612,36,4,MORTGAGE,DEBT_CONSOLIDATION,0
61,144194,27589,481,37,4,MORTGAGE,DEBT_CONSOLIDATION,0
37,106740,31015,663,0,0,RENT,DEBT_CONSOLIDATION,0
47,35524,30009,487,24,3,OWN,MAJOR_PURCHASE,1
28,149028,18773,842,35,4,OWN,MAJOR_PURCHASE,0
45,39282,42125,847,16,1,OWN,SMALL_BUSINESS,0
42,43930,27143,707,23,1,MORTGAGE,DEBT_CONSOLIDATION,0
56,20077,7154,713,1,3,MORTGAGE,MAJOR_PURCHASE,1
50,125881,22804,641,39,0,MORTGAGE,MAJOR_PURCHASE,1
18,145501,42688,519,14,4,RENT,SMALL_BUSINESS,1
44,40611,21581,462,31,0,MORTGAGE,HOME_IMPROVEMENT,0
69,36984,31087,519,38,1,RENT,DEBT_CONSOLIDATION,1
30,34060,33981,569,5,4,RENT,MAJOR_PURCHASE,1
58,102985,4762,699,0,0,OWN,SMALL_BUSINESS,0
20,104056,47167,481,22,2,OWN,SMALL_BUSINESS,1
56,145329,10768,504,38,3,OWN,SMALL_BUSINESS,0
23,63303,44408,527,16,3,RENT,MAJOR_PURCHASE,1
25,79207,40499,549,33,2,RENT,DEBT_CONSOLIDATION,0
44,95046,39559,740,28,1,RENT,HOME_IMPROVEMENT,0
26,49287,49590,832,8,4,MORTGAGE,DEBT_CONSOLIDATION,0
54,113709,9783,495,12,3,RENT,SMALL_BUSINESS,0
50,59711,47389,818,5,2,OWN,SMALL_BUSINESS,0
68,31954,30781,369,5,2,OWN,HOME_IMPROVEMENT,1
59,93340,31811,698,19,1,RENT,DEBT_CONSOLIDATION,0
61,92101,49787,502,2,1,RENT,SMALL_BUSINESS,1
41,91520,36488,447,16,0,OWN,SMALL_BUSINESS,1
32,107062,9905,771,11,3,RENT,DEBT_CONSOLIDATION,0
49,122974,10127,498,0,0,OWN,SMALL_BUSINESS,0
49,38574,23431,725,16,2,MORTGAGE,DEBT_CONSOLIDATION,0
41,29184,7368,791,2,4,OWN,SMALL_BUSINESS,0
58,39096,28424,441,25,4,MORTGAGE,DEBT_CONSOLIDATION,0
69,87728,47824,612,14,1,RENT,HOME_IMPROVEMENT,0
66,54016,46004,464,35,4,RENT,SMALL_BUSINESS,1
66,31246,19333,613,31,4,MORTGAGE,HOME_IMPROVEMENT,1
69,65558,24116,320,31,4,RENT,SMALL_BUSINESS,1
29,138721,48219,381,3,2,MORTGAGE,SMALL_BUSINESS,1
56,38381,44201,430,17,4,RENT,MAJOR_PURCHASE,1
19,147796,16525,604,18,4,OWN,DEBT_CONSOLIDATION,0
20,56455,24398,670,34,4,RENT,HOME_IMPROVEMENT,1
66,112263,33857,683,39,0,OWN,HOME_IMPROVEMENT,0
54,24018,11361,744,13,2,OWN,HOME_IMPROVEMENT,0
66,31302,17369,724,32,1,MORTGAGE,DEBT_CONSOLIDATION,1
34,87506,4041,460,13,0,RENT,MAJOR_PURCHASE,0
66,61157,1105,477,33,3,MORTGAGE,HOME_IMPROVEMENT,0
19,74917,10078,789,3,2,RENT,DEBT_CONSOLIDATION,0
19,112738,26003,626,23,2,OWN,SMALL_BUSINESS,0
45,116646,7090,588,28,3,OWN,HOME_IMPROVEMENT,0
40,103122,39850,653,18,3,RENT,HOME_IMPROVEMENT,0
54,44519,2925,327,5,3,RENT,MAJOR_PURCHASE,1
49,116809,19440,342,32,1,MORTGAGE,HOME_IMPROVEMENT,0
50,107487,40685,722,39,4,RENT,HOME_IMPROVEMENT,0
18,76819,27015,476,18,2,RENT,SMALL_BUSINESS,1
36,100910,34320,828,0,4,RENT,DEBT_CONSOLIDATION,0
19,140430,26291,793,4,4,MORTGAGE,DEBT_CONSOLIDATION,0
61,91324,37679,497,26,3,RENT,MAJOR_PURCHASE,1
43,25408,27289,816,15,1,OWN,SMALL_BUSINESS,1
49,79379,4389,813,5,0,MORTGAGE,DEBT_CONSOLIDATION,0
23,45053,26683,321,39,1,MORTGAGE,SMALL_BUSINESS,1
49,29446,14629,411,12,4,OWN,DEBT_CONSOLIDATION,1
21,20922,25826,356,34,1,OWN,SMALL_BUSINESS,1
28,118723,36198,365,18,3,OWN,MAJOR_PURCHASE,1
34,71356,27630,397,11,0,RENT,HOME_IMPROVEMENT,0
55,30789,34226,443,15,3,OWN,MAJOR_PURCHASE,1
41,117720,47163,734,9,0,RENT,DEBT_CONSOLIDATION,0
22,86656,33975,385,24,4,MORTGAGE,MAJOR_PURCHASE,1
69,64028,1899,643,19,0,MORTGAGE,HOME_IMPROVEMENT,0
51,84484,12653,593,30,0,OWN,MAJOR_PURCHASE,0
23,52154,28961,542,3,0,RENT,DEBT_CONSOLIDATION,0
39,102870,17405,331,22,1,OWN,DEBT_CONSOLIDATION,1
28,22336,9601,690,1,1,OWN,MAJOR_PURCHASE,0
65,123677,34662,576,21,4,RENT,HOME_IMPROVEMENT,0
33,87779,34282,831,36,0,OWN,MAJOR_PURCHASE,0
50,39029,22288,453,7,2,MORTGAGE,HOME_IMPROVEMENT,1
26,79201,30545,682,6,4,OWN,SMALL_BUSINESS,0
23,52265,37877,367,13,0,RENT,HOME_IMPROVEMENT,1
33,122916,47026,513,2,0,RENT,SMALL_BUSINESS,0
46,132250,16313,675,15,1,MORTGAGE,MAJOR_PURCHASE,0
20,136553,16349,512,18,4,RENT,HOME_IMPROVEMENT,1
37,63872,8179,378,17,0,RENT,SMALL_BUSINESS,0
53,66197,11326,680,15,0,MORTGAGE,SMALL_BUSINESS,0
36,145733,45555,357,7,4,OWN,SMALL_BUSINESS,1
43,75180,2560,325,32,2,MORTGAGE,DEBT_CONSOLIDATION,0
20,43710,14612,746,11,4,OWN,MAJOR_PURCHASE,0
36,49486,18650,365,10,4,MORTGAGE,SMALL_BUSINESS,1
37,91907,27745,553,4,2,OWN,HOME_IMPROVEMENT,1
49,148876,32890,343,26,4,MORTGAGE,SMALL_BUSINESS,1
24,91895,21022,396,11,0,OWN,DEBT_CONSOLIDATION,0
69,84435,5780,526,16,4,MORTGAGE,MAJOR_PURCHASE,0
58,60631,19311,735,5,2,OWN,DEBT_CONSOLIDATION,0
50,149038,29380,678,32,3,MORTGAGE,DEBT_CONSOLIDATION,0
57,121532,45662,477,4,4,RENT,DEBT_CONSOLIDATION,1
56,40103,3356,726,27,1,OWN,HOME_IMPROVEMENT,0
35,84772,5790,606,13,0,MORTGAGE,MAJOR_PURCHASE,0
57,146108,27911,803,4,0,OWN,MAJOR_PURCHASE,0
18,34382,25363,567,32,1,OWN,HOME_IMPROVEMENT,1
28,104291,21049,307,18,1,MORTGAGE,MAJOR_PURCHASE,1
45,121195,11181,807,21,4,OWN,DEBT_CONSOLIDATION,0
42,23756,40825,775,4,1,MORTGAGE,MAJOR_PURCHASE,1
67,40609,17082,596,1,3,RENT,HOME_IMPROVEMENT,0
40,134074,1661,463,29,2,OWN,DEBT_CONSOLIDATION,0
48,36478,38412,784,38,1,RENT,HOME_IMPROVEMENT,0
47,120978,49479,371,3,1,OWN,SMALL_BUSINESS,1
59,59666,3920,537,32,3,OWN,DEBT_CONSOLIDATION,1
52,95683,26658,403,12,0,OWN,DEBT_CONSOLIDATION,0
24,119097,49770,509,19,0,MORTGAGE,MAJOR_PURCHASE,0
33,144714,15025,767,6,4,RENT,DEBT_CONSOLIDATION,0
43,120420,9946,753,14,3,OWN,HOME_IMPROVEMENT,0
65,91315,29706,567,22,2,MORTGAGE,MAJOR_PURCHASE,0
69,97834,46500,685,13,2,OWN,SMALL_BUSINESS,0
66,146205,40004,686,22,3,MORTGAGE,HOME_IMPROVEMENT,0
19,34153,17309,558,18,2,OWN,SMALL_BUSINESS,1
18,129415,47286,582,28,0,RENT,SMALL_BUSINESS,0
65,96325,34120,339,19,2,RENT,SMALL_BUSINESS,0
29,129701,31027,785,28,2,OWN,DEBT_CONSOLIDATION,0
22,32999,8005,519,23,3,MORTGAGE,HOME_IMPROVEMENT,1
54,75318,47804,428,17,3,OWN,HOME_IMPROVEMENT,1
49,20814,1956,819,9,2,MORTGAGE,DEBT_CONSOLIDATION,0
26,135033,35839,559,7,1,OWN,MAJOR_PURCHASE,0
58,96077,9595,665,25,3,MORTGAGE,SMALL_BUSINESS,0
52,110474,48908,843,28,4,RENT,HOME_IMPROVEMENT,0
36,22443,13803,823,9,4,OWN,DEBT_CONSOLIDATION,0
65,95993,26963,315,16,0,RENT,SMALL_BUSINESS,0
33,95916,37221,428,1,2,RENT,MAJOR_PURCHASE,1
20,93319,40443,408,5,1,OWN,MAJOR_PURCHASE,1
37,145885,34723,832,4,0,OWN,SMALL_BUSINESS,0
41,129777,40063,568,27,2,MORTGAGE,MAJOR_PURCHASE,0
50,37368,49689,461,4,3,MORTGAGE,HOME_IMPROVEMENT,0
41,35328,16282,559,17,4,RENT,HOME_IMPROVEMENT,1
69,76942,5703,401,25,1,MORTGAGE,HOME_IMPROVEMENT,0
28,111751,7563,805,19,4,MORTGAGE,MAJOR_PURCHASE,0
66,119131,26849,546,26,3,OWN,HOME_IMPROVEMENT,0
25,47306,32860,836,11,2,MORTGAGE,DEBT_CONSOLIDATION,0
53,105451,32585,430,6,3,RENT,HOME_IMPROVEMENT,1
55,59915,23015,652,2,3,MORTGAGE,HOME_IMPROVEMENT,1
57,57219,13003,495,9,4,RENT,MAJOR_PURCHASE,0
37,100879,44585,681,33,1,OWN,HOME_IMPROVEMENT,0
52,131939,27958,526,24,3,RENT,SMALL_BUSINESS,0
65,84644,27017,775,34,4,MORTGAGE,DEBT_CONSOLIDATION,0
42,80279,12171,776,15,1,OWN,MAJOR_PURCHASE,0
52,73028,46350,564,1,2,MORTGAGE,DEBT_CONSOLIDATION,0
42,124263,13201,671,23,2,OWN,SMALL_BUSINESS,0
46,20126,30426,785,9,0,OWN,MAJOR_PURCHASE,1
35,72329,18778,733,37,4,MORTGAGE,MAJOR_PURCHASE,0
63,47632,46241,510,21,1,MORTGAGE,HOME_IMPROVEMENT,1
35,127099,43229,676,25,3,OWN,DEBT_CONSOLIDATION,1
19,85310,22116,694,38,2,OWN,SMALL_BUSINESS,0
52,129945,49364,749,26,1,MORTGAGE,SMALL_BUSINESS,0
33,75176,34297,663,28,4,RENT,MAJOR_PURCHASE,0
58,139797,20342,756,37,0,MORTGAGE,HOME_IMPROVEMENT,0
53,106066,28490,525,19,2,OWN,MAJOR_PURCHASE,1
50,125500,20975,430,26,1,MORTGAGE,MAJOR_PURCHASE,0
21,146413,27723,775,19,1,RENT,MAJOR_PURCHASE,0
50,64327,24279,576,18,1,MORTGAGE,MAJOR_PURCHASE,0
31,88904,13765,455,19,4,OWN,SMALL_BUSINESS,0
38,23797,47678,517,34,4,MORTGAGE,SMALL_BUSINESS,1
65,67882,12561,489,1,4,OWN,MAJOR_PURCHASE,0
37,33718,42899,716,29,3,OWN,MAJOR_PURCHASE,0
25,54560,1525,845,33,1,MORTGAGE,HOME_IMPROVEMENT,1
24,96589,23861,340,21,2,OWN,MAJOR_PURCHASE,1
20,42116,34142,606,2,4,OWN,SMALL_BUSINESS,1
34,56244,27916,637,5,4,RENT,DEBT_CONSOLIDATION,0
50,121721,45965,613,14,1,RENT,SMALL_BUSINESS,0
65,21645,5648,374,26,4,RENT,HOME_IMPROVEMENT,1
29,67523,36133,578,9,3,RENT,SMALL_BUSINESS,0
68,144085,31523,475,8,3,OWN,DEBT_CONSOLIDATION,0
39,137718,30052,572,32,4,MORTGAGE,MAJOR_PURCHASE,0
39,39256,35414,588,31,1,OWN,DEBT_CONSOLIDATION,1
63,121376,33781,571,5,1,OWN,MAJOR_PURCHASE,1
47,120158,5599,365,35,1,OWN,MAJOR_PURCHASE,1
55,73173,36046,782,1,0,MORTGAGE,SMALL_BUSINESS,0
55,57430,48064,547,28,4,RENT,SMALL_BUSINESS,1
62,59282,36923,455,3,1,OWN,SMALL_BUSINESS,0
68,139719,42089,346,0,3,OWN,HOME_IMPROVEMENT,1
25,83374,4814,753,18,2,RENT,SMALL_BUSINESS,0
44,88244,46893,500,25,2,OWN,HOME_IMPROVEMENT,0
44,31694,36984,423,24,1,MORTGAGE,SMALL_BUSINESS,1
51,76264,27616,300,9,2,OWN,MAJOR_PURCHASE,1
38,95060,3113,490,14,2,OWN,HOME_IMPROVEMENT,0
47,117416,44006,815,21,0,RENT,DEBT_CONSOLIDATION,0
50,77545,14760,741,20,3,OWN,HOME_IMPROVEMENT,0
45,138195,22927,442,21,3,OWN,HOME_IMPROVEMENT,1
64,59224,21939,490,35,0,MORTGAGE,DEBT_CONSOLIDATION,0
50,122516,33419,832,33,0,RENT,HOME_IMPROVEMENT,0
22,117945,13588,526,29,2,RENT,MAJOR_PURCHASE,0
65,33224,37142,612,24,4,MORTGAGE,SMALL_BUSINESS,1
36,60738,40198,601,27,2,OWN,DEBT_CONSOLIDATION,0
21,45150,45738,759,0,0,RENT,SMALL_BUSINESS,1
52,83731,34397,700,3,3,RENT,MAJOR_PURCHASE,0
66,69688,17653,692,6,2,OWN,DEBT_CONSOLIDATION,0
34,119929,11831,506,8,4,OWN,SMALL_BUSINESS,0
61,128618,6724,509,35,2,RENT,SMALL_BUSINESS,0
45,93509,12083,414,18,1,OWN,MAJOR_PURCHASE,0
47,28577,46917,550,0,2,RENT,SMALL_BUSINESS,0
46,28070,20816,518,9,0,OWN,MAJOR_PURCHASE,0
63,146161,43240,706,35,3,OWN,HOME_IMPROVEMENT,0
23,28666,7276,742,8,3,MORTGAGE,MAJOR_PURCHASE,1
52,77761,49403,653,31,0,OWN,HOME_IMPROVEMENT,0
58,141178,39663,849,31,1,MORTGAGE,DEBT_CONSOLIDATION,0
54,56368,14994,441,5,0,OWN,SMALL_BUSINESS,0
41,26783,24499,800,37,2,RENT,MAJOR_PURCHASE,0
46,131530,24040,846,16,0,RENT,MAJOR_PURCHASE,0
66,61914,44320,841,9,0,OWN,SMALL_BUSINESS,0
63,90507,17959,806,26,1,OWN,SMALL_BUSINESS,0
48,147738,7099,580,34,2,RENT,DEBT_CONSOLIDATION,0
52,99026,43267,723,20,4,OWN,DEBT_CONSOLIDATION,0
50,135893,20576,569,24,4,MORTGAGE,MAJOR_PURCHASE,0
69,131255,36946,453,27,3,MORTGAGE,DEBT_CONSOLIDATION,0
38,130616,7116,382,14,0,MORTGAGE,HOME_IMPROVEMENT,0
49,87526,16563,725,3,3,MORTGAGE,DEBT_CONSOLIDATION,0
40,90835,27788,574,28,1,MORTGAGE,DEBT_CONSOLIDATION,0
50,65765,27928,583,8,4,OWN,MAJOR_PURCHASE,0
20,39956,37336,472,26,0,OWN,HOME_IMPROVEMENT,1
35,107895,10847,626,25,1,MORTGAGE,DEBT_CONSOLIDATION,0
42,66240,27155,362,18,1,OWN,HOME_IMPROVEMENT,1
59,141008,15135,372,27,0,OWN,HOME_IMPROVEMENT,0
48,57148,18774,674,16,1,MORTGAGE,HOME_IMPROVEMENT,0
20,114270,2742,807,19,0,OWN,SMALL_BUSINESS,0
57,147978,19309,697,39,0,OWN,SMALL_BUSINESS,1
63,24757,1619,419,38,2,OWN,SMALL_BUSINESS,0
41,39097,18658,736,22,3,MORTGAGE,SMALL_BUSINESS,1
67,30395,35707,764,31,1,OWN,MAJOR_PURCHASE,0
49,36241,21337,585,32,1,RENT,DEBT_CONSOLIDATION,0
64,123892,17001,564,4,2,RENT,SMALL_BUSINESS,0
39,47696,1968,619,33,2,MORTGAGE,MAJOR_PURCHASE,1
40,135654,48614,675,39,2,RENT,DEBT_CONSOLIDATION,0
19,90480,26892,388,10,4,MORTGAGE,SMALL_BUSINESS,1
44,66163,26619,502,2,4,RENT,DEBT_CONSOLIDATION,0
59,39816,1281,633,32,4,RENT,SMALL_BUSINESS,0
19,69840,28420,521,10,0,RENT,MAJOR_PURCHASE,0
43,122547,16360,340,15,1,MORTGAGE,HOME_IMPROVEMENT,0
34,72853,40030,367,17,3,MORTGAGE,HOME_IMPROVEMENT,1
57,44917,2058,813,29,0,OWN,DEBT_CONSOLIDATION,0
50,116731,21677,426,9,1,MORTGAGE,MAJOR_PURCHASE,0
26,41566,11724,554,17,1,RENT,HOME_IMPROVEMENT,0
60,95452,29404,315,37,2,RENT,SMALL_BUSINESS,1
65,82823,38946,776,18,2,MORTGAGE,HOME_IMPROVEMENT,1
56,141392,40748,361,35,0,MORTGAGE,DEBT_CONSOLIDATION,1
46,40806,30856,731,12,2,MORTGAGE,DEBT_CONSOLIDATION,0
59,95520,10200,567,2,1,OWN,MAJOR_PURCHASE,0
43,21759,34997,334,9,2,RENT,DEBT_CONSOLIDATION,1
52,146092,26611,793,37,4,OWN,HOME_IMPROVEMENT,0
67,61949,42235,768,0,2,OWN,HOME_IMPROVEMENT,0
42,112374,36057,624,26,1,RENT,HOME_IMPROVEMENT,0
41,22482,2239,603,7,0,RENT,HOME_IMPROVEMENT,0
30,44442,39138,575,16,3,MORTGAGE,MAJOR_PURCHASE,1
24,53719,49938,500,8,2,MORTGAGE,SMALL_BUSINESS,1
53,78066,1125,744,5,1,OWN,SMALL_BUSINESS,0
62,113501,46272,623,24,3,MORTGAGE,MAJOR_PURCHASE,0
37,22079,24857,334,38,3,MORTGAGE,DEBT_CONSOLIDATION,1
18,22717,16398,781,27,4,RENT,SMALL_BUSINESS,1
25,79676,7638,779,32,3,RENT,DEBT_CONSOLIDATION,0
63,47952,7570,364,36,1,MORTGAGE,SMALL_BUSINESS,0
33,106444,4249,307,8,1,RENT,DEBT_CONSOLIDATION,0
31,62460,10110,600,17,2,MORTGAGE,MAJOR_PURCHASE,0
29,110397,41363,642,20,2,RENT,HOME_IMPROVEMENT,0
68,92847,14605,730,1,2,RENT,DEBT_CONSOLIDATION,0
40,113607,13115,723,37,3,RENT,HOME_IMPROVEMENT,0
32,109106,40062,631,39,3,RENT,DEBT_CONSOLIDATION,1
45,38449,23911,737,35,4,MORTGAGE,DEBT_CONSOLIDATION,0
51,53536,39525,473,36,2,OWN,DEBT_CONSOLIDATION,1
19,84077,33556,826,14,0,RENT,DEBT_CONSOLIDATION,0
49,58258,13595,325,27,4,MORTGAGE,DEBT_CONSOLIDATION,1
40,68302,2969,705,17,0,MORTGAGE,HOME_IMPROVEMENT,0
39,145937,44753,531,33,3,RENT,DEBT_CONSOLIDATION,0
68,48865,18275,832,21,4,OWN,HOME_IMPROVEMENT,0
42,26645,5470,849,10,4,RENT,MAJOR_PURCHASE,0
39,139771,11225,804,12,1,MORTGAGE,SMALL_BUSINESS,0
39,58000,43324,478,3,3,OWN,DEBT_CONSOLIDATION,0
66,46737,42974,431,21,3,MORTGAGE,SMALL_BUSINESS,0
69,31485,43759,754,6,4,RENT,HOME_IMPROVEMENT,1
59,58565,24196,647,23,3,OWN,MAJOR_PURCHASE,0
23,45522,41287,839,3,4,MORTGAGE,MAJOR_PURCHASE,1
32,139614,14669,705,27,1,MORTGAGE,MAJOR_PURCHASE,0
60,85155,38380,375,14,4,MORTGAGE,SMALL_BUSINESS,1
54,75168,46141,791,0,3,RENT,HOME_IMPROVEMENT,0
50,72487,49320,493,2,3,OWN,DEBT_CONSOLIDATION,0
25,149948,48414,461,13,4,RENT,DEBT_CONSOLIDATION,0
61,32342,39006,646,37,4,RENT,HOME_IMPROVEMENT,1
61,60806,16577,660,0,4,RENT,SMALL_BUSINESS,0
22,68770,23473,386,37,2,OWN,DEBT_CONSOLIDATION,1
56,98623,29625,561,37,3,RENT,HOME_IMPROVEMENT,0
21,123177,16504,513,20,3,RENT,DEBT_CONSOLIDATION,1
23,119785,25089,561,28,2,RENT,MAJOR_PURCHASE,0
62,95629,37487,582,4,4,RENT,DEBT_CONSOLIDATION,0
49,140993,1302,766,9,1,MORTGAGE,SMALL_BUSINESS,0
69,72603,32463,679,27,4,RENT,HOME_IMPROVEMENT,0
47,146944,45912,661,20,4,MORTGAGE,SMALL_BUSINESS,0
64,132726,30259,748,6,2,RENT,HOME_IMPROVEMENT,0
52,101974,43823,740,2,3,OWN,MAJOR_PURCHASE,0
57,125947,38208,392,19,4,MORTGAGE,HOME_IMPROVEMENT,1
69,46399,31659,723,18,3,MORTGAGE,DEBT_CONSOLIDATION,0
33,148177,36840,441,34,0,MORTGAGE,DEBT_CONSOLIDATION,0
30,105382,32890,590,3,3,MORTGAGE,MAJOR_PURCHASE,0
67,101244,14598,731,4,1,OWN,HOME_IMPROVEMENT,0
59,129575,48055,348,0,1,RENT,MAJOR_PURCHASE,1
47,135520,47733,601,3,4,MORTGAGE,DEBT_CONSOLIDATION,0
36,130904,20508,489,11,3,OWN,SMALL_BUSINESS,0
34,96534,43287,435,26,4,MORTGAGE,MAJOR_PURCHASE,1
36,75106,14380,703,22,2,RENT,SMALL_BUSINESS,0
45,132599,27984,640,24,1,MORTGAGE,SMALL_BUSINESS,0
43,50678,45633,617,20,4,OWN,HOME_IMPROVEMENT,1
54,96218,9125,662,23,2,RENT,MAJOR_PURCHASE,0
43,83230,37059,681,24,4,OWN,SMALL_BUSINESS,0
40,134684,5033,532,31,3,RENT,SMALL_BUSINESS,0
26,94055,38873,643,31,3,RENT,HOME_IMPROVEMENT,0
29,76373,18087,848,4,3,RENT,HOME_IMPROVEMENT,0
18,51480,41901,828,35,3,MORTGAGE,DEBT_CONSOLIDATION,1
18,105230,6704,482,38,0,OWN,SMALL_BUSINESS,0
64,88836,8848,340,15,2,OWN,DEBT_CONSOLIDATION,1
51,92258,22592,696,32,2,OWN,SMALL_BUSINESS,1
49,59986,46743,793,20,3,RENT,DEBT_CONSOLIDATION,0
65,44160,7924,632,8,0,MORTGAGE,HOME_IMPROVEMENT,0
42,105595,28208,426,5,3,RENT,MAJOR_PURCHASE,1
57,121358,20614,300,34,0,OWN,HOME_IMPROVEMENT,1
62,99111,1488,467,38,3,MORTGAGE,DEBT_CONSOLIDATION,0
18,84929,40882,318,21,1,MORTGAGE,DEBT_CONSOLIDATION,1
33,93506,26923,631,4,1,MORTGAGE,MAJOR_PURCHASE,0
56,54911,49508,755,22,4,OWN,SMALL_BUSINESS,0
22,107127,36941,408,16,3,MORTGAGE,DEBT_CONSOLIDATION,1
39,51821,30165,567,11,2,MORTGAGE,DEBT_CONSOLIDATION,0
46,95039,2667,744,22,4,RENT,DEBT_CONSOLIDATION,0
20,80535,27213,539,15,1,RENT,MAJOR_PURCHASE,0
29,133453,5114,600,2,3,MORTGAGE,HOME_IMPROVEMENT,0
43,104458,37321,402,29,4,MORTGAGE,DEBT_CONSOLIDATION,1
33,32175,8761,549,21,3,RENT,MAJOR_PURCHASE,0
68,139235,32116,752,8,1,RENT,DEBT_CONSOLIDATION,0
54,74771,34768,819,28,4,RENT,SMALL_BUSINESS,0
39,126660,49406,452,36,1,OWN,MAJOR_PURCHASE,0
46,147157,26426,473,22,0,OWN,DEBT_CONSOLIDATION,0
31,141300,18772,642,12,1,RENT,MAJOR_PURCHASE,0
45,106925,39218,730,31,3,MORTGAGE,DEBT_CONSOLIDATION,0
22,133374,4712,623,22,2,RENT,HOME_IMPROVEMENT,0
64,86358,2367,719,16,1,OWN,DEBT_CONSOLIDATION,0
66,37327,41957,784,39,2,MORTGAGE,MAJOR_PURCHASE,0
47,67057,42781,711,20,0,OWN,SMALL_BUSINESS,0
63,26150,27200,383,1,4,MORTGAGE,SMALL_BUSINESS,1
69,24425,4726,412,36,4,OWN,SMALL_BUSINESS,1
22,143654,24616,631,5,2,MORTGAGE,DEBT_CONSOLIDATION,0
29,36032,28723,677,17,4,MORTGAGE,HOME_IMPROVEMENT,0
33,22198,38574,340,29,1,MORTGAGE,DEBT_CONSOLIDATION,0
43,80500,35958,404,21,2,MORTGAGE,SMALL_BUSINESS,1
43,73394,10108,501,32,3,OWN,MAJOR_PURCHASE,0
65,40079,13178,749,29,1,OWN,SMALL_BUSINESS,0
38,56220,36643,565,16,1,MORTGAGE,MAJOR_PURCHASE,0
56,61874,32324,509,31,1,MORTGAGE,HOME_IMPROVEMENT,0
53,33859,39360,417,13,3,OWN,MAJOR_PURCHASE,1
50,70460,18824,676,9,0,MORTGAGE,DEBT_CONSOLIDATION,0
47,51419,46360,839,35,4,MORTGAGE,DEBT_CONSOLIDATION,0
54,138865,9927,383,33,2,MORTGAGE,DEBT_CONSOLIDATION,0
40,28705,29144,753,8,0,RENT,MAJOR_PURCHASE,0
27,62880,32010,813,27,2,MORTGAGE,DEBT_CONSOLIDATION,0
22,149838,23443,686,10,4,RENT,DEBT_CONSOLIDATION,0
53,43236,15437,649,13,3,MORTGAGE,DEBT_CONSOLIDATION,0
51,107955,45298,595,38,1,OWN,HOME_IMPROVEMENT,0
69,105514,40778,557,18,1,RENT,MAJOR_PURCHASE,0
48,123145,12207,380,14,3,RENT,MAJOR_PURCHASE,0
27,35358,26537,567,27,0,MORTGAGE,SMALL_BUSINESS,0
36,119713,36757,718,23,0,MORTGAGE,MAJOR_PURCHASE,0
49,114914,13040,534,7,2,RENT,HOME_IMPROVEMENT,0
18,122870,42986,610,8,3,OWN,MAJOR_PURCHASE,1
22,96918,23612,656,32,0,OWN,HOME_IMPROVEMENT,0
62,139179,29441,512,32,3,MORTGAGE,HOME_IMPROVEMENT,0
21,136243,7471,348,18,4,OWN,MAJOR_PURCHASE,1
33,34596,36631,426,2,1,OWN,SMALL_BUSINESS,1
41,53572,44461,522,9,1,MORTGAGE,DEBT_CONSOLIDATION,1
33,98757,27523,578,39,1,OWN,DEBT_CONSOLIDATION,0
19,21279,32348,707,0,3,MORTGAGE,MAJOR_PURCHASE,1
66,83197,2177,804,28,3,RENT,MAJOR_PURCHASE,0
45,131496,5760,593,33,2,MORTGAGE,HOME_IMPROVEMENT,0
49,82516,33779,576,12,1,RENT,MAJOR_PURCHASE,0
44,27083,22636,737,0,2,RENT,HOME_IMPROVEMENT,0
37,140674,17353,406,33,1,OWN,SMALL_BUSINESS,0
41,140307,12556,719,28,2,OWN,MAJOR_PURCHASE,0
29,146457,28598,728,12,2,OWN,DEBT_CONSOLIDATION,0
67,129397,12563,674,28,4,MORTGAGE,DEBT_CONSOLIDATION,0
52,37771,47819,372,38,2,OWN,MAJOR_PURCHASE,1
50,49975,44790,329,23,3,RENT,HOME_IMPROVEMENT,1
50,65648,9234,487,25,2,OWN,DEBT_CONSOLIDATION,0
68,145641,26519,663,16,1,OWN,HOME_IMPROVEMENT,0
60,68285,27966,750,6,2,MORTGAGE,MAJOR_PURCHASE,0
54,39063,17173,494,12,0,MORTGAGE,MAJOR_PURCHASE,0
29,87642,27987,455,4,1,RENT,DEBT_CONSOLIDATION,0
20,110093,14178,471,25,0,MORTGAGE,MAJOR_PURCHASE,0
18,134390,40338,340,2,1,OWN,SMALL_BUSINESS,1
50,106143,25596,362,6,3,MORTGAGE,SMALL_BUSINESS,1
57,57599,34174,322,38,3,RENT,DEBT_CONSOLIDATION,1
27,71920,42974,659,0,3,OWN,SMALL_BUSINESS,1
60,48529,5431,374,16,0,RENT,HOME_IMPROVEMENT,0
61,55954,28764,417,24,4,MORTGAGE,DEBT_CONSOLIDATION,1
46,47856,22627,679,2,1,MORTGAGE,DEBT_CONSOLIDATION,0
30,22573,40310,589,14,3,RENT,HOME_IMPROVEMENT,1
29,98344,9906,739,28,1,OWN,SMALL_BUSINESS,0
48,55367,37914,306,31,0,MORTGAGE,SMALL_BUSINESS,1
63,122337,45814,495,25,4,MORTGAGE,SMALL_BUSINESS,0
19,126732,46379,720,15,0,OWN,DEBT_CONSOLIDATION,0
68,119608,14076,492,24,1,MORTGAGE,DEBT_CONSOLIDATION,0
67,80774,38650,447,27,4,RENT,SMALL_BUSINESS,1
52,43752,47881,501,8,4,MORTGAGE,MAJOR_PURCHASE,1
40,75029,47413,743,0,0,MORTGAGE,SMALL_BUSINESS,0
34,37685,7012,718,28,3,OWN,HOME_IMPROVEMENT,0
43,71693,8151,726,21,1,RENT,DEBT_CONSOLIDATION,0
25,136739,29211,778,15,2,OWN,HOME_IMPROVEMENT,0
46,75961,28117,774,6,2,MORTGAGE,HOME_IMPROVEMENT,1
43,126937,37378,425,13,0,MORTGAGE,DEBT_CONSOLIDATION,0
27,144956,43652,694,28,1,OWN,MAJOR_PURCHASE,0
43,96908,7894,624,18,1,OWN,SMALL_BUSINESS,1
51,145537,14467,691,18,0,OWN,HOME_IMPROVEMENT,0
68,146678,32010,739,1,1,RENT,DEBT_CONSOLIDATION,0
58,94532,43641,503,14,3,MORTGAGE,HOME_IMPROVEMENT,1
24,101994,13289,785,2,0,OWN,SMALL_BUSINESS,0
21,76133,45976,330,10,3,MORTGAGE,MAJOR_PURCHASE,1
67,117425,44596,687,29,1,RENT,MAJOR_PURCHASE,0
62,145055,24171,733,39,0,RENT,MAJOR_PURCHASE,0
28,81268,35905,675,17,1,RENT,DEBT_CONSOLIDATION,0
46,112201,21829,643,1,0,RENT,DEBT_CONSOLIDATION,0
53,58243,35054,742,31,1,MORTGAGE,MAJOR_PURCHASE,0
42,77384,49478,374,7,3,RENT,SMALL_BUSINESS,1
38,51653,45139,454,21,3,RENT,SMALL_BUSINESS,1
53,46657,49713,729,5,1,OWN,DEBT_CONSOLIDATION,0
27,59952,30734,662,11,0,RENT,MAJOR_PURCHASE,0
54,42180,8052,747,39,2,OWN,SMALL_BUSINESS,0
26,117432,4654,533,35,3,RENT,SMALL_BUSINESS,0
41,141829,24486,561,14,3,RENT,SMALL_BUSINESS,0
52,148377,19743,424,27,2,OWN,DEBT_CONSOLIDATION,0
66,98411,49368,544,17,1,RENT,MAJOR_PURCHASE,0
52,21622,25489,841,1,0,MORTGAGE,HOME_IMPROVEMENT,0
65,68756,9636,784,12,1,MORTGAGE,MAJOR_PURCHASE,0
53,60809,7441,421,14,4,RENT,MAJOR_PURCHASE,1
35,36725,25611,424,19,3,MORTGAGE,DEBT_CONSOLIDATION,1
66,81396,43435,848,28,4,OWN,SMALL_BUSINESS,0
56,71226,13149,469,28,3,RENT,SMALL_BUSINESS,0
49,126296,35566,423,2,3,RENT,DEBT_CONSOLIDATION,1
41,101182,43368,334,18,4,OWN,DEBT_CONSOLIDATION,1
40,102565,22675,386,2,4,OWN,DEBT_CONSOLIDATION,1
49,49402,6495,500,13,1,OWN,DEBT_CONSOLIDATION,0
54,24263,43668,668,39,4,RENT,DEBT_CONSOLIDATION,1
29,143489,14673,376,3,1,OWN,HOME_IMPROVEMENT,0
66,116523,12130,358,10,1,OWN,MAJOR_PURCHASE,1
30,66828,23668,730,30,1,MORTGAGE,MAJOR_PURCHASE,0
40,140824,16222,799,31,3,MORTGAGE,MAJOR_PURCHASE,0
42,67924,24669,408,26,3,RENT,SMALL_BUSINESS,1
52,94182,35068,577,29,4,MORTGAGE,HOME_IMPROVEMENT,1
58,113065,24253,367,1,3,MORTGAGE,MAJOR_PURCHASE,1
47,79052,10435,368,8,4,OWN,SMALL_BUSINESS,0
34,31664,29552,464,27,3,OWN,HOME_IMPROVEMENT,1
66,55737,38384,788,30,0,MORTGAGE,HOME_IMPROVEMENT,0
37,121332,17393,604,33,0,MORTGAGE,SMALL_BUSINESS,0
65,109563,11617,664,14,4,MORTGAGE,HOME_IMPROVEMENT,0
42,49373,39520,678,24,3,RENT,SMALL_BUSINESS,0
39,137369,10852,642,35,3,RENT,MAJOR_PURCHASE,0
30,56397,32401,653,7,1,RENT,SMALL_BUSINESS,1
36,148575,7295,715,8,2,MORTGAGE,HOME_IMPROVEMENT,0
66,106145,36993,408,36,4,MORTGAGE,MAJOR_PURCHASE,1
53,121371,35084,796,38,2,RENT,MAJOR_PURCHASE,0
29,58709,46105,640,31,2,RENT,DEBT_CONSOLIDATION,0
58,136074,40575,682,16,4,MORTGAGE,DEBT_CONSOLIDATION,0
36,81120,37451,832,34,3,OWN,HOME_IMPROVEMENT,0
29,39250,8227,599,36,4,RENT,SMALL_BUSINESS,0
26,41172,32910,438,18,2,MORTGAGE,SMALL_BUSINESS,0
24,31555,37041,658,28,3,MORTGAGE,HOME_IMPROVEMENT,1
45,107410,24384,798,6,0,OWN,MAJOR_PURCHASE,0
31,98617,1145,684,27,4,MORTGAGE,HOME_IMPROVEMENT,0
48,73276,38778,579,8,4,MORTGAGE,HOME_IMPROVEMENT,1
69,77492,17035,782,27,3,RENT,MAJOR_PURCHASE,0
36,73002,4040,410,5,0,RENT,SMALL_BUSINESS,0
64,140103,43422,438,28,0,OWN,HOME_IMPROVEMENT,0
33,144938,27160,734,16,3,OWN,SMALL_BUSINESS,0
22,109599,18633,808,15,1,MORTGAGE,HOME_IMPROVEMENT,0
52,92355,30344,572,22,4,RENT,MAJOR_PURCHASE,0
29,111248,18014,398,30,4,OWN,MAJOR_PURCHASE,1
42,44762,15996,403,2,2,OWN,DEBT_CONSOLIDATION,1
69,31046,42621,513,20,3,OWN,MAJOR_PURCHASE,0
38,116999,12695,464,25,2,MORTGAGE,DEBT_CONSOLIDATION,0
53,144130,3852,819,35,2,RENT,HOME_IMPROVEMENT,0
40,136021,17014,583,36,0,OWN,SMALL_BUSINESS,0
33,48769,28042,816,21,4,RENT,MAJOR_PURCHASE,0
56,73302,34755,463,11,2,OWN,MAJOR_PURCHASE,1
62,43150,41390,363,12,0,OWN,MAJOR_PURCHASE,1
59,88247,24711,390,10,3,RENT,HOME_IMPROVEMENT,1
56,24853,27122,416,15,2,RENT,DEBT_CONSOLIDATION,0
31,114613,10160,566,7,4,RENT,HOME_IMPROVEMENT,0
48,140900,28213,439,39,2,MORTGAGE,SMALL_BUSINESS,0
22,109399,40420,545,39,3,OWN,HOME_IMPROVEMENT,1
52,41792,8421,694,1,2,MORTGAGE,SMALL_BUSINESS,0
40,79129,22400,786,29,4,RENT,MAJOR_PURCHASE,0
46,126019,34537,775,29,0,OWN,SMALL_BUSINESS,0
60,94478,18727,816,11,4,MORTGAGE,SMALL_BUSINESS,0
28,133811,47882,483,9,0,OWN,DEBT_CONSOLIDATION,0
35,134130,5358,319,10,1,MORTGAGE,SMALL_BUSINESS,0
64,87298,29482,823,14,4,RENT,SMALL_BUSINESS,0
29,51987,33117,828,15,4,MORTGAGE,HOME_IMPROVEMENT,0
26,35850,24164,446,16,3,OWN,MAJOR_PURCHASE,1
27,32112,32910,603,25,2,OWN,HOME_IMPROVEMENT,1
61,141789,33496,527,1,0,OWN,HOME_IMPROVEMENT,0
34,44058,45311,401,11,0,OWN,MAJOR_PURCHASE,1
55,65420,30371,716,25,3,RENT,MAJOR_PURCHASE,0
24,58890,39467,515,22,3,MORTGAGE,SMALL_BUSINESS,1
63,86017,18625,706,17,2,RENT,SMALL_BUSINESS,0
30,67304,34893,698,31,2,RENT,DEBT_CONSOLIDATION,0
57,52921,11793,798,37,4,RENT,HOME_IMPROVEMENT,0
59,125921,32007,764,2,1,OWN,MAJOR_PURCHASE,0
26,21524,26766,381,37,2,OWN,SMALL_BUSINESS,0
67,120424,40532,664,2,3,OWN,MAJOR_PURCHASE,0
44,35048,13323,462,29,2,MORTGAGE,SMALL_BUSINESS,1
19,55111,46799,347,0,0,OWN,DEBT_CONSOLIDATION,1
22,57904,47820,810,29,1,MORTGAGE,DEBT_CONSOLIDATION,0
46,74912,46408,628,31,4,OWN,MAJOR_PURCHASE,1
54,54008,8843,415,27,0,OWN,DEBT_CONSOLIDATION,0
55,20060,15210,636,20,0,RENT,MAJOR_PURCHASE,0
36,94666,17456,446,12,1,RENT,SMALL_BUSINESS,1
25,103559,32367,622,26,4,RENT,HOME_IMPROVEMENT,0
65,75337,11106,742,35,3,MORTGAGE,DEBT_CONSOLIDATION,0
62,130616,38957,312,6,4,MORTGAGE,SMALL_BUSINESS,1
18,33350,3472,793,21,2,OWN,HOME_IMPROVEMENT,0
39,44354,7704,586,9,0,MORTGAGE,HOME_IMPROVEMENT,1
69,65186,4713,413,38,2,OWN,HOME_IMPROVEMENT,0
34,48145,6051,779,14,3,MORTGAGE,SMALL_BUSINESS,0
24,54020,11756,321,14,2,MORTGAGE,SMALL_BUSINESS,1
42,106123,3475,648,3,4,MORTGAGE,MAJOR_PURCHASE,0
62,126667,37378,619,31,2,RENT,HOME_IMPROVEMENT,1
21,95186,5255,425,22,3,MORTGAGE,HOME_IMPROVEMENT,1
53,105469,15484,576,5,3,RENT,HOME_IMPROVEMENT,0
23,40581,35503,503,23,3,RENT,MAJOR_PURCHASE,1
48,108929,9258,493,19,4,MORTGAGE,HOME_IMPROVEMENT,0
36,43051,41747,846,36,3,OWN,SMALL_BUSINESS,0
61,71474,36196,585,19,0,OWN,HOME_IMPROVEMENT,0
56,111748,46113,356,11,3,OWN,DEBT_CONSOLIDATION,1
44,145995,41194,602,32,2,MORTGAGE,SMALL_BUSINESS,0
27,134618,9533,462,27,2,OWN,MAJOR_PURCHASE,0
43,89626,33581,318,7,2,RENT,HOME_IMPROVEMENT,1
36,26960,6249,669,0,4,OWN,DEBT_CONSOLIDATION,0
56,55772,20201,563,36,2,MORTGAGE,MAJOR_PURCHASE,0
20,41520,10686,412,21,4,OWN,MAJOR_PURCHASE,1
62,69481,47877,787,5,4,RENT,SMALL_BUSINESS,0
30,56408,33007,626,20,3,MORTGAGE,MAJOR_PURCHASE,0
67,114006,1661,841,31,0,OWN,MAJOR_PURCHASE,0
45,148496,45843,364,34,3,MORTGAGE,MAJOR_PURCHASE,0
37,77134,31137,591,14,3,MORTGAGE,MAJOR_PURCHASE,0
45,40491,48556,324,4,4,MORTGAGE,HOME_IMPROVEMENT,0
25,21341,43828,848,5,4,OWN,HOME_IMPROVEMENT,1
58,64623,49604,300,24,2,MORTGAGE,HOME_IMPROVEMENT,1
56,110327,11526,848,39,2,OWN,HOME_IMPROVEMENT,0
18,20338,4374,440,28,3,RENT,DEBT_CONSOLIDATION,1
20,91431,26592,487,6,1,OWN,HOME_IMPROVEMENT,0
30,32254,29982,427,39,1,RENT,MAJOR_PURCHASE,1
45,71860,1207,500,12,2,OWN,HOME_IMPROVEMENT,0
66,31344,36433,426,37,1,MORTGAGE,HOME_IMPROVEMENT,1
42,21750,24197,556,17,2,OWN,SMALL_BUSINESS,1
50,74756,34400,846,1,4,MORTGAGE,MAJOR_PURCHASE,0
55,87957,4083,493,7,3,RENT,HOME_IMPROVEMENT,0
23,125423,30328,403,10,0,OWN,HOME_IMPROVEMENT,0
61,78053,47479,834,32,3,MORTGAGE,HOME_IMPROVEMENT,0
62,90855,43891,564,37,2,RENT,DEBT_CONSOLIDATION,0
49,35896,21103,683,26,2,RENT,HOME_IMPROVEMENT,0
62,75761,40891,559,19,3,OWN,SMALL_BUSINESS,0
64,82552,11754,713,11,2,RENT,MAJOR_PURCHASE,0
38,140075,35447,657,30,1,MORTGAGE,MAJOR_PURCHASE,0
33,97454,16901,374,26,1,RENT,HOME_IMPROVEMENT,0
38,146522,34004,654,31,2,RENT,HOME_IMPROVEMENT,0
28,138681,8446,487,9,2,MORTGAGE,HOME_IMPROVEMENT,0
54,110600,38211,589,2,1,RENT,MAJOR_PURCHASE,0
53,142732,49231,344,26,2,RENT,MAJOR_PURCHASE,1
52,132153,30301,382,34,2,RENT,DEBT_CONSOLIDATION,0
36,142926,27116,422,30,3,RENT,SMALL_BUSINESS,0
37,47935,42323,657,14,0,MORTGAGE,DEBT_CONSOLIDATION,0
35,57641,19752,827,15,1,RENT,SMALL_BUSINESS,0
64,49711,33376,365,12,3,MORTGAGE,DEBT_CONSOLIDATION,1
58,90342,17669,674,34,0,RENT,MAJOR_PURCHASE,0
66,126896,33916,461,10,2,RENT,DEBT_CONSOLIDATION,0
31,32182,14395,679,20,2,RENT,SMALL_BUSINESS,0
32,107833,21421,657,10,3,RENT,HOME_IMPROVEMENT,0
48,76276,27342,487,29,2,MORTGAGE,SMALL_BUSINESS,0
18,39541,5895,621,34,4,MORTGAGE,HOME_IMPROVEMENT,0
20,114457,12023,749,21,3,MORTGAGE,MAJOR_PURCHASE,0
33,102310,11699,773,37,0,OWN,SMALL_BUSINESS,0
40,64813,10715,312,30,3,RENT,DEBT_CONSOLIDATION,0
28,57198,20169,483,13,1,RENT,SMALL_BUSINESS,0
29,28820,17163,410,23,3,MORTGAGE,HOME_IMPROVEMENT,1
27,44070,6782,807,31,2,OWN,MAJOR_PURCHASE,0
49,89768,23641,589,35,2,RENT,DEBT_CONSOLIDATION,0
33,31122,19792,594,31,4,MORTGAGE,SMALL_BUSINESS,1
25,100559,36585,750,14,4,RENT,HOME_IMPROVEMENT,0
55,93543,31682,514,34,4,RENT,DEBT_CONSOLIDATION,1
29,103441,48864,326,2,0,MORTGAGE,MAJOR_PURCHASE,0
41,61786,19880,530,15,4,MORTGAGE,DEBT_CONSOLIDATION,0
45,114934,39067,620,4,0,RENT,MAJOR_PURCHASE,0
25,119804,43685,532,20,4,RENT,DEBT_CONSOLIDATION,1
45,26737,19073,736,9,0,MORTGAGE,SMALL_BUSINESS,0
53,56062,37035,832,18,3,RENT,HOME_IMPROVEMENT,0
43,74237,38174,702,24,3,RENT,SMALL_BUSINESS,0
25,71571,25837,352,3,2,MORTGAGE,SMALL_BUSINESS,1
67,45510,18826,612,28,0,RENT,MAJOR_PURCHASE,0
45,39426,25981,580,18,1,RENT,MAJOR_PURCHASE,0
45,57265,11382,330,1,2,OWN,MAJOR_PURCHASE,1
54,37850,5437,636,9,3,MORTGAGE,SMALL_BUSINESS,1
58,138249,6435,482,24,0,OWN,DEBT_CONSOLIDATION,0
53,86150,25819,322,19,4,OWN,DEBT_CONSOLIDATION,1
44,107312,37875,843,18,1,OWN,SMALL_BUSINESS,0
34,109613,32982,745,22,3,RENT,SMALL_BUSINESS,0
26,94910,34328,373,23,2,RENT,HOME_IMPROVEMENT,1
50,72375,13329,309,10,0,OWN,MAJOR_PURCHASE,0
37,141826,26169,783,33,1,OWN,MAJOR_PURCHASE,1
30,55435,22932,755,27,0,OWN,SMALL_BUSINESS,1
45,116443,35594,459,4,4,RENT,SMALL_BUSINESS,1
65,77132,12421,313,4,2,OWN,DEBT_CONSOLIDATION,1
46,98945,46033,477,20,0,OWN,SMALL_BUSINESS,0
30,102050,8629,711,11,3,MORTGAGE,DEBT_CONSOLIDATION,1
63,149828,9325,352,3,2,MORTGAGE,SMALL_BUSINESS,0
52,115402,29495,707,19,3,RENT,HOME_IMPROVEMENT,0
23,22983,32750,321,37,0,MORTGAGE,HOME_IMPROVEMENT,1
35,117241,30619,329,24,2,MORTGAGE,DEBT_CONSOLIDATION,1
68,40662,41461,559,13,3,MORTGAGE,MAJOR_PURCHASE,1
22,43510,9264,504,10,4,RENT,HOME_IMPROVEMENT,1
64,98187,13686,358,31,4,MORTGAGE,DEBT_CONSOLIDATION,1
42,60998,47484,770,10,0,RENT,SMALL_BUSINESS,1
19,76846,25226,765,17,2,OWN,SMALL_BUSINESS,0
27,114071,7721,311,26,1,MORTGAGE,DEBT_CONSOLIDATION,0
47,26640,21609,589,17,2,RENT,MAJOR_PURCHASE,1
67,64547,8373,653,22,4,MORTGAGE,DEBT_CONSOLIDATION,0
62,74620,39675,374,10,3,OWN,DEBT_CONSOLIDATION,1
22,35317,49895,740,20,1,RENT,HOME_IMPROVEMENT,1
50,135608,29937,540,4,0,RENT,DEBT_CONSOLIDATION,0
18,27564,6656,453,22,1,RENT,DEBT_CONSOLIDATION,0
35,47345,9984,395,24,0,OWN,SMALL_BUSINESS,0
49,133824,30984,593,9,1,OWN,HOME_IMPROVEMENT,0
64,114223,9286,508,21,0,OWN,SMALL_BUSINESS,0
66,143372,6901,642,18,0,RENT,SMALL_BUSINESS,0
28,99273,32552,387,0,1,OWN,MAJOR_PURCHASE,0
38,94859,26709,689,6,1,MORTGAGE,MAJOR_PURCHASE,0
43,100765,32055,624,3,0,OWN,HOME_IMPROVEMENT,0
42,130017,38685,456,0,4,RENT,HOME_IMPROVEMENT,1
39,94038,9429,436,14,1,MORTGAGE,MAJOR_PURCHASE,1
44,143618,15716,727,39,2,OWN,MAJOR_PURCHASE,0
66,72393,49563,751,11,3,MORTGAGE,MAJOR_PURCHASE,0
30,86081,12138,440,21,0,MORTGAGE,MAJOR_PURCHASE,0
50,145341,36298,382,21,0,RENT,MAJOR_PURCHASE,0
51,122650,24429,476,16,3,MORTGAGE,SMALL_BUSINESS,0
58,49430,6772,497,28,4,MORTGAGE,HOME_IMPROVEMENT,0
52,95532,49244,720,13,3,RENT,SMALL_BUSINESS,0
18,47788,49519,700,19,1,RENT,SMALL_BUSINESS,1
38,115505,36732,770,32,3,RENT,DEBT_CONSOLIDATION,0
65,68543,40905,517,14,0,MORTGAGE,SMALL_BUSINESS,0
23,33919,18347,474,11,3,MORTGAGE,MAJOR_PURCHASE,1
45,89346,17920,322,39,2,MORTGAGE,MAJOR_PURCHASE,0
34,116122,32822,534,19,1,RENT,DEBT_CONSOLIDATION,0
22,59974,47659,312,29,3,OWN,DEBT_CONSOLIDATION,1
48,127309,41108,400,37,0,MORTGAGE,DEBT_CONSOLIDATION,0
22,36371,24563,835,2,1,OWN,DEBT_CONSOLIDATION,0
55,65084,8967,822,27,0,RENT,DEBT_CONSOLIDATION,1
20,49629,46183,751,25,4,MORTGAGE,SMALL_BUSINESS,1
40,71184,12871,730,29,2,OWN,DEBT_CONSOLIDATION,0
54,81916,29763,832,12,4,MORTGAGE,SMALL_BUSINESS,0
54,147293,12916,592,12,2,MORTGAGE,HOME_IMPROVEMENT,0
27,93972,9734,400,1,3,MORTGAGE,DEBT_CONSOLIDATION,0
27,82187,34613,801,36,1,OWN,DEBT_CONSOLIDATION,0
36,32984,29179,603,37,3,RENT,SMALL_BUSINESS,1
34,53039,36262,839,1,2,MORTGAGE,HOME_IMPROVEMENT,0
38,105431,13677,654,35,2,RENT,SMALL_BUSINESS,0
31,103691,19268,602,25,2,RENT,SMALL_BUSINESS,0
26,78606,13330,795,10,0,OWN,DEBT_CONSOLIDATION,0
63,30616,21733,526,7,1,OWN,MAJOR_PURCHASE,0
18,122665,38947,535,39,3,RENT,MAJOR_PURCHASE,1
68,125373,28286,754,21,3,MORTGAGE,SMALL_BUSINESS,0
62,70072,7610,312,19,4,OWN,DEBT_CONSOLIDATION,1
30,44574,7430,509,7,2,MORTGAGE,HOME_IMPROVEMENT,0
21,23430,40922,696,28,2,MORTGAGE,MAJOR_PURCHASE,1
18,139123,14828,399,39,2,MORTGAGE,HOME_IMPROVEMENT,1
66,32676,43913,330,25,3,RENT,MAJOR_PURCHASE,1
57,30816,32497,827,29,4,MORTGAGE,DEBT_CONSOLIDATION,0
49,52733,40256,628,16,0,RENT,SMALL_BUSINESS,0
51,105680,37618,465,19,1,RENT,HOME_IMPROVEMENT,0
45,22050,47332,758,15,0,MORTGAGE,HOME_IMPROVEMENT,1
48,129996,27526,399,6,3,MORTGAGE,SMALL_BUSINESS,1
25,53933,31158,472,15,2,MORTGAGE,HOME_IMPROVEMENT,1
56,44951,26032,461,26,1,MORTGAGE,MAJOR_PURCHASE,0
43,52413,38846,562,22,3,RENT,SMALL_BUSINESS,1
51,54801,45936,573,23,3,MORTGAGE,MAJOR_PURCHASE,1
20,75619,30794,302,8,3,MORTGAGE,MAJOR_PURCHASE,1
67,52913,6448,327,34,1,RENT,DEBT_CONSOLIDATION,0
29,132573,29861,625,19,1,OWN,MAJOR_PURCHASE,0
18,139076,29141,448,36,4,OWN,DEBT_CONSOLIDATION,1
61,60600,10074,839,16,4,RENT,HOME_IMPROVEMENT,0
22,77775,7406,787,30,0,OWN,HOME_IMPROVEMENT,1
47,110816,32823,737,7,1,RENT,DEBT_CONSOLIDATION,0
47,149972,24291,364,14,1,MORTGAGE,MAJOR_PURCHASE,0
34,110093,42568,655,30,1,MORTGAGE,SMALL_BUSINESS,0
65,132590,33003,832,29,4,OWN,SMALL_BUSINESS,0
64,55400,47851,551,19,3,MORTGAGE,DEBT_CONSOLIDATION,1
40,24494,35406,534,38,2,OWN,HOME_IMPROVEMENT,1
32,100688,24312,526,11,4,OWN,HOME_IMPROVEMENT,0
54,142744,44108,824,16,1,MORTGAGE,SMALL_BUSINESS,1
38,109431,2382,612,29,4,MORTGAGE,DEBT_CONSOLIDATION,0
31,94691,35171,348,28,0,OWN,SMALL_BUSINESS,0
19,117419,42779,417,18,1,MORTGAGE,MAJOR_PURCHASE,1
28,128730,4292,353,10,0,RENT,MAJOR_PURCHASE,0
68,63001,42779,343,33,1,MORTGAGE,DEBT_CONSOLIDATION,1
56,87364,34187,352,6,4,MORTGAGE,DEBT_CONSOLIDATION,1
55,144988,13411,824,33,3,RENT,MAJOR_PURCHASE,0
51,65028,38285,401,19,2,MORTGAGE,HOME_IMPROVEMENT,1
55,127434,16422,697,37,0,MORTGAGE,DEBT_CONSOLIDATION,0
67,117659,43468,437,23,4,OWN,MAJOR_PURCHASE,1
51,57573,33371,686,9,3,MORTGAGE,MAJOR_PURCHASE,0
35,20806,6693,410,31,4,MORTGAGE,HOME_IMPROVEMENT,1
47,144343,34535,316,14,0,RENT,HOME_IMPROVEMENT,0
32,76638,15818,481,36,2,OWN,HOME_IMPROVEMENT,1
44,148301,32238,835,19,4,OWN,HOME_IMPROVEMENT,0
68,146295,31874,840,2,1,OWN,SMALL_BUSINESS,0
51,126506,27715,470,36,3,MORTGAGE,HOME_IMPROVEMENT,1
69,49757,28605,708,39,4,OWN,SMALL_BUSINESS,0
55,54636,35317,677,7,3,RENT,DEBT_CONSOLIDATION,0
50,100097,32174,487,39,1,OWN,MAJOR_PURCHASE,0
41,68280,10956,529,22,2,RENT,SMALL_BUSINESS,0
32,44262,39908,418,39,2,OWN,DEBT_CONSOLIDATION,1
47,100435,11837,455,10,1,OWN,DEBT_CONSOLIDATION,1
59,82211,4716,764,7,3,RENT,SMALL_BUSINESS,0
68,74842,5481,403,28,4,OWN,DEBT_CONSOLIDATION,1
34,148583,25282,801,29,1,OWN,DEBT_CONSOLIDATION,0
22,76979,7548,474,9,0,OWN,SMALL_BUSINESS,0
46,134524,38605,720,38,3,MORTGAGE,DEBT_CONSOLIDATION,0
21,101470,8758,433,27,2,RENT,HOME_IMPROVEMENT,1
27,58197,44668,690,35,1,OWN,HOME_IMPROVEMENT,0
34,61844,24177,800,12,2,RENT,MAJOR_PURCHASE,0
27,84754,25022,332,31,3,RENT,DEBT_CONSOLIDATION,1
34,121868,41761,354,35,2,RENT,MAJOR_PURCHASE,1
37,54157,6542,818,36,1,OWN,HOME_IMPROVEMENT,0
41,97129,26476,311,25,3,OWN,HOME_IMPROVEMENT,1
22,60042,31784,827,21,0,RENT,HOME_IMPROVEMENT,0
51,81665,23740,672,3,1,MORTGAGE,DEBT_CONSOLIDATION,0
23,135512,25817,783,30,4,RENT,DEBT_CONSOLIDATION,1
19,136953,48596,527,17,1,MORTGAGE,HOME_IMPROVEMENT,0
30,102856,17052,606,37,3,RENT,MAJOR_PURCHASE,0
60,47376,36153,756,23,1,RENT,MAJOR_PURCHASE,0
60,129049,48076,459,22,0,RENT,SMALL_BUSINESS,0
65,75554,1671,630,21,0,OWN,HOME_IMPROVEMENT,0
28,34199,1163,524,1,4,MORTGAGE,MAJOR_PURCHASE,0
68,138533,42424,803,30,2,MORTGAGE,HOME_IMPROVEMENT,0
64,101412,45002,755,10,3,RENT,MAJOR_PURCHASE,0
40,70948,5795,344,27,3,OWN,SMALL_BUSINESS,1
33,93781,11634,513,31,2,OWN,SMALL_BUSINESS,0
48,92750,5798,358,4,0,MORTGAGE,HOME_IMPROVEMENT,0
28,86262,23420,494,37,0,OWN,MAJOR_PURCHASE,0
33,137424,30300,788,9,1,MORTGAGE,DEBT_CONSOLIDATION,0
25,66600,25345,456,39,4,MORTGAGE,SMALL_BUSINESS,1
21,96898,11749,525,23,4,MORTGAGE,HOME_IMPROVEMENT,1
57,82483,39595,711,34,4,OWN,HOME_IMPROVEMENT,1
21,38297,26121,504,22,1,MORTGAGE,MAJOR_PURCHASE,1
42,50448,38487,378,16,4,MORTGAGE,HOME_IMPROVEMENT,0
20,46172,29411,423,0,2,RENT,SMALL_BUSINESS,1
49,62874,34361,770,30,1,MORTGAGE,HOME_IMPROVEMENT,0
20,27657,22223,517,30,2,MORTGAGE,HOME_IMPROVEMENT,1
44,104386,8394,815,33,1,RENT,DEBT_CONSOLIDATION,0
46,145617,15056,403,8,4,RENT,DEBT_CONSOLIDATION,1
49,45425,29380,692,21,2,OWN,SMALL_BUSINESS,0
67,46685,27035,733,12,2,MORTGAGE,MAJOR_PURCHASE,0
68,142000,31620,630,24,2,OWN,DEBT_CONSOLIDATION,1
36,132855,20877,442,17,1,OWN,MAJOR_PURCHASE,0
38,44578,44404,839,11,3,RENT,SMALL_BUSINESS,0
22,48831,31911,577,39,4,OWN,DEBT_CONSOLIDATION,1
35,27906,33784,532,16,2,MORTGAGE,MAJOR_PURCHASE,1
45,81413,4191,828,14,3,RENT,DEBT_CONSOLIDATION,0
59,74028,34160,389,14,4,MORTGAGE,SMALL_BUSINESS,1
39,27287,26000,791,14,4,MORTGAGE,SMALL_BUSINESS,0
38,53660,40040,498,38,2,RENT,DEBT_CONSOLIDATION,1
23,95758,4631,661,12,2,MORTGAGE,MAJOR_PURCHASE,0
18,80504,7172,740,16,1,RENT,HOME_IMPROVEMENT,0
22,79720,43080,325,31,3,MORTGAGE,HOME_IMPROVEMENT,1
58,122979,24561,324,8,3,RENT,DEBT_CONSOLIDATION,1
29,54701,25817,693,39,2,OWN,MAJOR_PURCHASE,1
43,103300,21281,806,19,4,MORTGAGE,HOME_IMPROVEMENT,0
63,130177,29671,600,25,2,RENT,SMALL_BUSINESS,1
51,37674,26364,638,26,4,MORTGAGE,MAJOR_PURCHASE,1
66,103560,42674,566,20,4,MORTGAGE,HOME_IMPROVEMENT,0
31,131543,28425,760,17,2,MORTGAGE,MAJOR_PURCHASE,0
43,43874,29602,755,12,0,RENT,DEBT_CONSOLIDATION,0
62,63642,24253,659,15,3,OWN,MAJOR_PURCHASE,0
44,143867,24472,367,8,4,OWN,HOME_IMPROVEMENT,1
26,117820,9080,711,11,4,OWN,DEBT_CONSOLIDATION,0
43,85160,8099,790,37,0,RENT,MAJOR_PURCHASE,0
64,37602,26431,348,18,1,OWN,SMALL_BUSINESS,1
39,123320,32186,401,6,0,RENT,HOME_IMPROVEMENT,1
64,108801,48684,515,34,0,MORTGAGE,DEBT_CONSOLIDATION,0
47,45931,31111,737,17,4,MORTGAGE,MAJOR_PURCHASE,0
60,114377,40851,458,15,3,OWN,SMALL_BUSINESS,1
65,49192,23614,788,38,0,RENT,HOME_IMPROVEMENT,0
34,66542,27724,541,3,1,MORTGAGE,SMALL_BUSINESS,0
43,147015,42991,304,24,2,RENT,MAJOR_PURCHASE,0
53,62520,5940,660,31,0,RENT,MAJOR_PURCHASE,0
18,84772,29758,758,39,0,MORTGAGE,DEBT_CONSOLIDATION,0
25,78762,37224,547,12,1,RENT,SMALL_BUSINESS,0
66,70106,8788,721,16,3,MORTGAGE,DEBT_CONSOLIDATION,1
52,101121,29082,314,36,0,MORTGAGE,HOME_IMPROVEMENT,0
69,45559,25034,421,5,0,MORTGAGE,DEBT_CONSOLIDATION,0
32,125595,36479,576,18,3,RENT,HOME_IMPROVEMENT,0
64,53742,12280,752,12,1,MORTGAGE,MAJOR_PURCHASE,0
39,89669,19052,689,25,0,RENT,MAJOR_PURCHASE,0
31,100199,17531,593,13,3,MORTGAGE,SMALL_BUSINESS,0
43,41754,23804,745,30,0,MORTGAGE,HOME_IMPROVEMENT,0
45,23972,29903,509,3,2,OWN,MAJOR_PURCHASE,1
40,90831,45857,601,38,4,OWN,SMALL_BUSINESS,0
31,132217,11142,522,7,2,OWN,SMALL_BUSINESS,0
41,61873,49355,302,24,0,RENT,DEBT_CONSOLIDATION,1
19,114661,10866,817,12,1,RENT,SMALL_BUSINESS,0
62,126532,5531,392,31,4,MORTGAGE,MAJOR_PURCHASE,1
43,146267,46454,819,37,2,MORTGAGE,DEBT_CONSOLIDATION,0
31,29903,39098,727,37,3,MORTGAGE,HOME_IMPROVEMENT,1
68,23020,39278,792,27,1,MORTGAGE,HOME_IMPROVEMENT,1
24,61755,29138,534,29,2,RENT,MAJOR_PURCHASE,1
20,105956,28065,460,2,3,MORTGAGE,MAJOR_PURCHASE,1
64,106988,30956,630,27,0,MORTGAGE,DEBT_CONSOLIDATION,0
40,65648,42732,632,2,3,OWN,DEBT_CONSOLIDATION,0
63,123537,40261,349,33,2,MORTGAGE,MAJOR_PURCHASE,1
60,145991,11759,822,15,2,MORTGAGE,MAJOR_PURCHASE,0
64,29516,6439,791,21,0,MORTGAGE,HOME_IMPROVEMENT,0
62,132863,48241,571,31,3,RENT,HOME_IMPROVEMENT,0
35,135005,43533,551,37,3,OWN,HOME_IMPROVEMENT,0
55,22396,29270,389,7,0,MORTGAGE,MAJOR_PURCHASE,1
